Domain Code,Domain,Area Code (M49),Area,Element Code,Element,Item Code (CPC),Item,Year Code,Year,Unit,Value,Flag,Flag Description,Note
"QCL","Crops and livestock products","032","Argentina","5114","Stocks","02196","Bees","1961","1961","No","650000","A","Official figure",""
"QCL","Crops and livestock products","032","Argentina","5114","Stocks","02196","Bees","1962","1962","No","650000","A","Official figure",""
"QCL","Crops and livestock products","032","Argentina","5114","Stocks","02196","Bees","1963","1963","No","640000","A","Official figure",""
"QCL","Crops and livestock products","032","Argentina","5114","Stocks","02196","Bees","1964","1964","No","650000","A","Official figure",""
"QCL","Crops and livestock products","032","Argentina","5114","Stocks","02196","Bees","1965","1965","No","700000","A","Official figure",""
"QCL","Crops and livestock products","032","Argentina","5114","Stocks","02196","Bees","1966","1966","No","700000","A","Official figure",""
"QCL","Crops and livestock products","032","Argentina","5114","Stocks","02196","Bees","1967","1967","No","750000","A","Official figure",""
"QCL","Crops and livestock products","032","Argentina","5114","Stocks","02196","Bees","1968","1968","No","750000","A","Official figure",""
"QCL","Crops and livestock products","032","Argentina","5114","Stocks","02196","Bees","1969","1969","No","800000","A","Official figure",""
"QCL","Crops and livestock products","032","Argentina","5114","Stocks","02196","Bees","1970","1970","No","800000","A","Official figure",""
"QCL","Crops and livestock products","032","Argentina","5114","Stocks","02196","Bees","1971","1971","No","800000","A","Official figure",""
"QCL","Crops and livestock products","032","Argentina","5114","Stocks","02196","Bees","1972","1972","No","850000","A","Official figure",""
"QCL","Crops and livestock products","032","Argentina","5114","Stocks","02196","Bees","1973","1973","No","850000","A","Official figure",""
"QCL","Crops and livestock products","032","Argentina","5114","Stocks","02196","Bees","1974","1974","No","850000","A","Official figure",""
"QCL","Crops and livestock products","032","Argentina","5114","Stocks","02196","Bees","1975","1975","No","850000","A","Official figure",""
"QCL","Crops and livestock products","032","Argentina","5114","Stocks","02196","Bees","1976","1976","No","850000","A","Official figure",""
"QCL","Crops and livestock products","032","Argentina","5114","Stocks","02196","Bees","1977","1977","No","900000","A","Official figure",""
"QCL","Crops and livestock products","032","Argentina","5114","Stocks","02196","Bees","1978","1978","No","1000000","X","Figure from international organizations","Unofficial figure"
"QCL","Crops and livestock products","032","Argentina","5114","Stocks","02196","Bees","1979","1979","No","1100000","X","Figure from international organizations","Unofficial figure"
"QCL","Crops and livestock products","032","Argentina","5114","Stocks","02196","Bees","1980","1980","No","1100000","X","Figure from international organizations","Unofficial figure"
"QCL","Crops and livestock products","032","Argentina","5114","Stocks","02196","Bees","1981","1981","No","1300000","X","Figure from international organizations","Unofficial figure"
"QCL","Crops and livestock products","032","Argentina","5114","Stocks","02196","Bees","1982","1982","No","1200000","X","Figure from international organizations","Unofficial figure"
"QCL","Crops and livestock products","032","Argentina","5114","Stocks","02196","Bees","1983","1983","No","1300000","X","Figure from international organizations","Unofficial figure"
"QCL","Crops and livestock products","032","Argentina","5114","Stocks","02196","Bees","1984","1984","No","1400000","X","Figure from international organizations","Unofficial figure"
"QCL","Crops and livestock products","032","Argentina","5114","Stocks","02196","Bees","1985","1985","No","1500000","X","Figure from international organizations","Unofficial figure"
"QCL","Crops and livestock products","032","Argentina","5114","Stocks","02196","Bees","1986","1986","No","1400000","X","Figure from international organizations","Unofficial figure"
"QCL","Crops and livestock products","032","Argentina","5114","Stocks","02196","Bees","1987","1987","No","1400000","X","Figure from international organizations","Unofficial figure"
"QCL","Crops and livestock products","032","Argentina","5114","Stocks","02196","Bees","1988","1988","No","1400000","X","Figure from international organizations","Unofficial figure"
"QCL","Crops and livestock products","032","Argentina","5114","Stocks","02196","Bees","1989","1989","No","1400000","X","Figure from international organizations","Unofficial figure"
"QCL","Crops and livestock products","032","Argentina","5114","Stocks","02196","Bees","1990","1990","No","1400000","X","Figure from international organizations","Unofficial figure"
"QCL","Crops and livestock products","032","Argentina","5114","Stocks","02196","Bees","1991","1991","No","1500000","A","Official figure",""
"QCL","Crops and livestock products","032","Argentina","5114","Stocks","02196","Bees","1992","1992","No","1600000","X","Figure from international organizations","Unofficial figure"
"QCL","Crops and livestock products","032","Argentina","5114","Stocks","02196","Bees","1993","1993","No","1600000","X","Figure from international organizations","Unofficial figure"
"QCL","Crops and livestock products","032","Argentina","5114","Stocks","02196","Bees","1994","1994","No","1700000","X","Figure from international organizations","Unofficial figure"
"QCL","Crops and livestock products","032","Argentina","5114","Stocks","02196","Bees","1995","1995","No","1800000","X","Figure from international organizations","Unofficial figure"
"QCL","Crops and livestock products","032","Argentina","5114","Stocks","02196","Bees","1996","1996","No","1700000","X","Figure from international organizations","Unofficial figure"
"QCL","Crops and livestock products","032","Argentina","5114","Stocks","02196","Bees","1997","1997","No","1800000","X","Figure from international organizations","Unofficial figure"
"QCL","Crops and livestock products","032","Argentina","5114","Stocks","02196","Bees","1998","1998","No","2100000","X","Figure from international organizations","Unofficial figure"
"QCL","Crops and livestock products","032","Argentina","5114","Stocks","02196","Bees","1999","1999","No","2700000","X","Figure from international organizations","Unofficial figure"
"QCL","Crops and livestock products","032","Argentina","5114","Stocks","02196","Bees","2000","2000","No","2800000","X","Figure from international organizations","Unofficial figure"
"QCL","Crops and livestock products","032","Argentina","5114","Stocks","02196","Bees","2001","2001","No","2800000","X","Figure from international organizations","Unofficial figure"
"QCL","Crops and livestock products","032","Argentina","5114","Stocks","02196","Bees","2002","2002","No","2900000","E","Estimated value",""
"QCL","Crops and livestock products","032","Argentina","5114","Stocks","02196","Bees","2003","2003","No","2900000","E","Estimated value",""
"QCL","Crops and livestock products","032","Argentina","5114","Stocks","02196","Bees","2004","2004","No","2900000","E","Estimated value",""
"QCL","Crops and livestock products","032","Argentina","5114","Stocks","02196","Bees","2005","2005","No","2900000","E","Estimated value",""
"QCL","Crops and livestock products","032","Argentina","5114","Stocks","02196","Bees","2006","2006","No","2950000","E","Estimated value",""
"QCL","Crops and livestock products","032","Argentina","5114","Stocks","02196","Bees","2007","2007","No","2970000","E","Estimated value",""
"QCL","Crops and livestock products","032","Argentina","5114","Stocks","02196","Bees","2008","2008","No","2970000","E","Estimated value",""
"QCL","Crops and livestock products","032","Argentina","5114","Stocks","02196","Bees","2009","2009","No","2970000","E","Estimated value",""
"QCL","Crops and livestock products","032","Argentina","5114","Stocks","02196","Bees","2010","2010","No","2970000","E","Estimated value",""
"QCL","Crops and livestock products","032","Argentina","5114","Stocks","02196","Bees","2011","2011","No","2970000","E","Estimated value",""
"QCL","Crops and livestock products","032","Argentina","5114","Stocks","02196","Bees","2012","2012","No","2970000","E","Estimated value",""
"QCL","Crops and livestock products","032","Argentina","5114","Stocks","02196","Bees","2013","2013","No","3000000","X","Figure from international organizations","Unofficial figure"
"QCL","Crops and livestock products","032","Argentina","5114","Stocks","02196","Bees","2014","2014","No","2980000","E","Estimated value",""
"QCL","Crops and livestock products","032","Argentina","5114","Stocks","02196","Bees","2015","2015","No","2955217","I","Imputed value",""
"QCL","Crops and livestock products","032","Argentina","5114","Stocks","02196","Bees","2016","2016","No","2936838","I","Imputed value",""
"QCL","Crops and livestock products","032","Argentina","5114","Stocks","02196","Bees","2017","2017","No","2923459","I","Imputed value",""
"QCL","Crops and livestock products","032","Argentina","5114","Stocks","02196","Bees","2018","2018","No","2921149","I","Imputed value",""
"QCL","Crops and livestock products","032","Argentina","5114","Stocks","02196","Bees","2019","2019","No","2976829","I","Imputed value",""
"QCL","Crops and livestock products","032","Argentina","5114","Stocks","02196","Bees","2020","2020","No","2970647","I","Imputed value",""
"QCL","Crops and livestock products","032","Argentina","5114","Stocks","02196","Bees","2021","2021","No","2973088","I","Imputed value",""
"QCL","Crops and livestock products","032","Argentina","5114","Stocks","02196","Bees","2022","2022","No","2975530","I","Imputed value",""
"QCL","Crops and livestock products","076","Brazil","5114","Stocks","02196","Bees","1961","1961","No","310000","E","Estimated value",""
"QCL","Crops and livestock products","076","Brazil","5114","Stocks","02196","Bees","1962","1962","No","301600","E","Estimated value",""
"QCL","Crops and livestock products","076","Brazil","5114","Stocks","02196","Bees","1963","1963","No","300000","E","Estimated value",""
"QCL","Crops and livestock products","076","Brazil","5114","Stocks","02196","Bees","1964","1964","No","311400","E","Estimated value",""
"QCL","Crops and livestock products","076","Brazil","5114","Stocks","02196","Bees","1965","1965","No","316200","E","Estimated value",""
"QCL","Crops and livestock products","076","Brazil","5114","Stocks","02196","Bees","1966","1966","No","317000","E","Estimated value",""
"QCL","Crops and livestock products","076","Brazil","5114","Stocks","02196","Bees","1967","1967","No","292000","E","Estimated value",""
"QCL","Crops and livestock products","076","Brazil","5114","Stocks","02196","Bees","1968","1968","No","282000","E","Estimated value",""
"QCL","Crops and livestock products","076","Brazil","5114","Stocks","02196","Bees","1969","1969","No","272000","E","Estimated value",""
"QCL","Crops and livestock products","076","Brazil","5114","Stocks","02196","Bees","1970","1970","No","253000","E","Estimated value",""
"QCL","Crops and livestock products","076","Brazil","5114","Stocks","02196","Bees","1971","1971","No","242376","A","Official figure",""
"QCL","Crops and livestock products","076","Brazil","5114","Stocks","02196","Bees","1972","1972","No","237000","E","Estimated value",""
"QCL","Crops and livestock products","076","Brazil","5114","Stocks","02196","Bees","1973","1973","No","188000","E","Estimated value",""
"QCL","Crops and livestock products","076","Brazil","5114","Stocks","02196","Bees","1974","1974","No","165000","E","Estimated value",""
"QCL","Crops and livestock products","076","Brazil","5114","Stocks","02196","Bees","1975","1975","No","200000","E","Estimated value",""
"QCL","Crops and livestock products","076","Brazil","5114","Stocks","02196","Bees","1976","1976","No","220000","E","Estimated value",""
"QCL","Crops and livestock products","076","Brazil","5114","Stocks","02196","Bees","1977","1977","No","220000","E","Estimated value",""
"QCL","Crops and livestock products","076","Brazil","5114","Stocks","02196","Bees","1978","1978","No","257000","E","Estimated value",""
"QCL","Crops and livestock products","076","Brazil","5114","Stocks","02196","Bees","1979","1979","No","291000","E","Estimated value",""
"QCL","Crops and livestock products","076","Brazil","5114","Stocks","02196","Bees","1980","1980","No","280000","E","Estimated value",""
"QCL","Crops and livestock products","076","Brazil","5114","Stocks","02196","Bees","1981","1981","No","300000","E","Estimated value",""
"QCL","Crops and livestock products","076","Brazil","5114","Stocks","02196","Bees","1982","1982","No","300000","E","Estimated value",""
"QCL","Crops and livestock products","076","Brazil","5114","Stocks","02196","Bees","1983","1983","No","300000","E","Estimated value",""
"QCL","Crops and livestock products","076","Brazil","5114","Stocks","02196","Bees","1984","1984","No","400000","E","Estimated value",""
"QCL","Crops and livestock products","076","Brazil","5114","Stocks","02196","Bees","1985","1985","No","480000","E","Estimated value",""
"QCL","Crops and livestock products","076","Brazil","5114","Stocks","02196","Bees","1986","1986","No","550000","E","Estimated value",""
"QCL","Crops and livestock products","076","Brazil","5114","Stocks","02196","Bees","1987","1987","No","600000","E","Estimated value",""
"QCL","Crops and livestock products","076","Brazil","5114","Stocks","02196","Bees","1988","1988","No","640000","E","Estimated value",""
"QCL","Crops and livestock products","076","Brazil","5114","Stocks","02196","Bees","1989","1989","No","660000","E","Estimated value",""
"QCL","Crops and livestock products","076","Brazil","5114","Stocks","02196","Bees","1990","1990","No","700000","E","Estimated value",""
"QCL","Crops and livestock products","076","Brazil","5114","Stocks","02196","Bees","1991","1991","No","812000","E","Estimated value",""
"QCL","Crops and livestock products","076","Brazil","5114","Stocks","02196","Bees","1992","1992","No","819000","E","Estimated value",""
"QCL","Crops and livestock products","076","Brazil","5114","Stocks","02196","Bees","1993","1993","No","800000","E","Estimated value",""
"QCL","Crops and livestock products","076","Brazil","5114","Stocks","02196","Bees","1994","1994","No","795000","E","Estimated value",""
"QCL","Crops and livestock products","076","Brazil","5114","Stocks","02196","Bees","1995","1995","No","824000","E","Estimated value",""
"QCL","Crops and livestock products","076","Brazil","5114","Stocks","02196","Bees","1996","1996","No","824000","E","Estimated value",""
"QCL","Crops and livestock products","076","Brazil","5114","Stocks","02196","Bees","1997","1997","No","824000","E","Estimated value",""
"QCL","Crops and livestock products","076","Brazil","5114","Stocks","02196","Bees","1998","1998","No","824000","E","Estimated value",""
"QCL","Crops and livestock products","076","Brazil","5114","Stocks","02196","Bees","1999","1999","No","824000","E","Estimated value",""
"QCL","Crops and livestock products","076","Brazil","5114","Stocks","02196","Bees","2000","2000","No","824000","E","Estimated value",""
"QCL","Crops and livestock products","076","Brazil","5114","Stocks","02196","Bees","2001","2001","No","820000","E","Estimated value",""
"QCL","Crops and livestock products","076","Brazil","5114","Stocks","02196","Bees","2002","2002","No","825000","E","Estimated value",""
"QCL","Crops and livestock products","076","Brazil","5114","Stocks","02196","Bees","2003","2003","No","830000","E","Estimated value",""
"QCL","Crops and livestock products","076","Brazil","5114","Stocks","02196","Bees","2004","2004","No","835000","E","Estimated value",""
"QCL","Crops and livestock products","076","Brazil","5114","Stocks","02196","Bees","2005","2005","No","880000","E","Estimated value",""
"QCL","Crops and livestock products","076","Brazil","5114","Stocks","02196","Bees","2006","2006","No","952000","E","Estimated value",""
"QCL","Crops and livestock products","076","Brazil","5114","Stocks","02196","Bees","2007","2007","No","914000","E","Estimated value",""
"QCL","Crops and livestock products","076","Brazil","5114","Stocks","02196","Bees","2008","2008","No","994000","E","Estimated value",""
"QCL","Crops and livestock products","076","Brazil","5114","Stocks","02196","Bees","2009","2009","No","1025000","E","Estimated value",""
"QCL","Crops and livestock products","076","Brazil","5114","Stocks","02196","Bees","2010","2010","No","1000000","E","Estimated value",""
"QCL","Crops and livestock products","076","Brazil","5114","Stocks","02196","Bees","2011","2011","No","1094000","E","Estimated value",""
"QCL","Crops and livestock products","076","Brazil","5114","Stocks","02196","Bees","2012","2012","No","900000","E","Estimated value",""
"QCL","Crops and livestock products","076","Brazil","5114","Stocks","02196","Bees","2013","2013","No","938000","E","Estimated value",""
"QCL","Crops and livestock products","076","Brazil","5114","Stocks","02196","Bees","2014","2014","No","1020000","E","Estimated value",""
"QCL","Crops and livestock products","076","Brazil","5114","Stocks","02196","Bees","2015","2015","No","1011715","I","Imputed value",""
"QCL","Crops and livestock products","076","Brazil","5114","Stocks","02196","Bees","2016","2016","No","1010216","I","Imputed value",""
"QCL","Crops and livestock products","076","Brazil","5114","Stocks","02196","Bees","2017","2017","No","1012111","I","Imputed value",""
"QCL","Crops and livestock products","076","Brazil","5114","Stocks","02196","Bees","2018","2018","No","1011674","I","Imputed value",""
"QCL","Crops and livestock products","076","Brazil","5114","Stocks","02196","Bees","2019","2019","No","1016215","I","Imputed value",""
"QCL","Crops and livestock products","076","Brazil","5114","Stocks","02196","Bees","2020","2020","No","1013603","I","Imputed value",""
"QCL","Crops and livestock products","076","Brazil","5114","Stocks","02196","Bees","2021","2021","No","1015380","I","Imputed value",""
"QCL","Crops and livestock products","076","Brazil","5114","Stocks","02196","Bees","2022","2022","No","1017158","I","Imputed value",""
"QCL","Crops and livestock products","124","Canada","5114","Stocks","02196","Bees","1961","1961","No","336910","A","Official figure",""
"QCL","Crops and livestock products","124","Canada","5114","Stocks","02196","Bees","1962","1962","No","340470","A","Official figure",""
"QCL","Crops and livestock products","124","Canada","5114","Stocks","02196","Bees","1963","1963","No","360060","A","Official figure",""
"QCL","Crops and livestock products","124","Canada","5114","Stocks","02196","Bees","1964","1964","No","382240","A","Official figure",""
"QCL","Crops and livestock products","124","Canada","5114","Stocks","02196","Bees","1965","1965","No","413030","A","Official figure",""
"QCL","Crops and livestock products","124","Canada","5114","Stocks","02196","Bees","1966","1966","No","429860","A","Official figure",""
"QCL","Crops and livestock products","124","Canada","5114","Stocks","02196","Bees","1967","1967","No","445070","A","Official figure",""
"QCL","Crops and livestock products","124","Canada","5114","Stocks","02196","Bees","1968","1968","No","415000","A","Official figure",""
"QCL","Crops and livestock products","124","Canada","5114","Stocks","02196","Bees","1969","1969","No","419060","A","Official figure",""
"QCL","Crops and livestock products","124","Canada","5114","Stocks","02196","Bees","1970","1970","No","407560","A","Official figure",""
"QCL","Crops and livestock products","124","Canada","5114","Stocks","02196","Bees","1971","1971","No","396420","A","Official figure",""
"QCL","Crops and livestock products","124","Canada","5114","Stocks","02196","Bees","1972","1972","No","417300","A","Official figure",""
"QCL","Crops and livestock products","124","Canada","5114","Stocks","02196","Bees","1973","1973","No","437910","A","Official figure",""
"QCL","Crops and livestock products","124","Canada","5114","Stocks","02196","Bees","1974","1974","No","473570","A","Official figure",""
"QCL","Crops and livestock products","124","Canada","5114","Stocks","02196","Bees","1975","1975","No","508450","A","Official figure",""
"QCL","Crops and livestock products","124","Canada","5114","Stocks","02196","Bees","1976","1976","No","530930","A","Official figure",""
"QCL","Crops and livestock products","124","Canada","5114","Stocks","02196","Bees","1977","1977","No","546490","A","Official figure",""
"QCL","Crops and livestock products","124","Canada","5114","Stocks","02196","Bees","1978","1978","No","566900","A","Official figure",""
"QCL","Crops and livestock products","124","Canada","5114","Stocks","02196","Bees","1979","1979","No","577200","A","Official figure",""
"QCL","Crops and livestock products","124","Canada","5114","Stocks","02196","Bees","1980","1980","No","607800","A","Official figure",""
"QCL","Crops and livestock products","124","Canada","5114","Stocks","02196","Bees","1981","1981","No","633500","A","Official figure",""
"QCL","Crops and livestock products","124","Canada","5114","Stocks","02196","Bees","1982","1982","No","663450","A","Official figure",""
"QCL","Crops and livestock products","124","Canada","5114","Stocks","02196","Bees","1983","1983","No","684850","A","Official figure",""
"QCL","Crops and livestock products","124","Canada","5114","Stocks","02196","Bees","1984","1984","No","692000","A","Official figure",""
"QCL","Crops and livestock products","124","Canada","5114","Stocks","02196","Bees","1985","1985","No","693600","A","Official figure",""
"QCL","Crops and livestock products","124","Canada","5114","Stocks","02196","Bees","1986","1986","No","707400","A","Official figure",""
"QCL","Crops and livestock products","124","Canada","5114","Stocks","02196","Bees","1987","1987","No","699800","A","Official figure",""
"QCL","Crops and livestock products","124","Canada","5114","Stocks","02196","Bees","1988","1988","No","608420","A","Official figure",""
"QCL","Crops and livestock products","124","Canada","5114","Stocks","02196","Bees","1989","1989","No","544290","A","Official figure",""
"QCL","Crops and livestock products","124","Canada","5114","Stocks","02196","Bees","1990","1990","No","532205","A","Official figure",""
"QCL","Crops and livestock products","124","Canada","5114","Stocks","02196","Bees","1991","1991","No","498780","A","Official figure",""
"QCL","Crops and livestock products","124","Canada","5114","Stocks","02196","Bees","1992","1992","No","501259","A","Official figure",""
"QCL","Crops and livestock products","124","Canada","5114","Stocks","02196","Bees","1993","1993","No","502656","A","Official figure",""
"QCL","Crops and livestock products","124","Canada","5114","Stocks","02196","Bees","1994","1994","No","501256","A","Official figure",""
"QCL","Crops and livestock products","124","Canada","5114","Stocks","02196","Bees","1995","1995","No","520982","A","Official figure",""
"QCL","Crops and livestock products","124","Canada","5114","Stocks","02196","Bees","1996","1996","No","509648","A","Official figure",""
"QCL","Crops and livestock products","124","Canada","5114","Stocks","02196","Bees","1997","1997","No","519988","A","Official figure",""
"QCL","Crops and livestock products","124","Canada","5114","Stocks","02196","Bees","1998","1998","No","563614","A","Official figure",""
"QCL","Crops and livestock products","124","Canada","5114","Stocks","02196","Bees","1999","1999","No","588824","A","Official figure",""
"QCL","Crops and livestock products","124","Canada","5114","Stocks","02196","Bees","2000","2000","No","599863","A","Official figure",""
"QCL","Crops and livestock products","124","Canada","5114","Stocks","02196","Bees","2001","2001","No","602328","A","Official figure",""
"QCL","Crops and livestock products","124","Canada","5114","Stocks","02196","Bees","2002","2002","No","588485","A","Official figure",""
"QCL","Crops and livestock products","124","Canada","5114","Stocks","02196","Bees","2003","2003","No","563330","A","Official figure",""
"QCL","Crops and livestock products","124","Canada","5114","Stocks","02196","Bees","2004","2004","No","597890","A","Official figure",""
"QCL","Crops and livestock products","124","Canada","5114","Stocks","02196","Bees","2005","2005","No","615541","A","Official figure",""
"QCL","Crops and livestock products","124","Canada","5114","Stocks","02196","Bees","2006","2006","No","628401","A","Official figure",""
"QCL","Crops and livestock products","124","Canada","5114","Stocks","02196","Bees","2007","2007","No","589254","A","Official figure",""
"QCL","Crops and livestock products","124","Canada","5114","Stocks","02196","Bees","2008","2008","No","570070","A","Official figure",""
"QCL","Crops and livestock products","124","Canada","5114","Stocks","02196","Bees","2009","2009","No","592120","A","Official figure",""
"QCL","Crops and livestock products","124","Canada","5114","Stocks","02196","Bees","2010","2010","No","620291","A","Official figure",""
"QCL","Crops and livestock products","124","Canada","5114","Stocks","02196","Bees","2011","2011","No","637920","A","Official figure",""
"QCL","Crops and livestock products","124","Canada","5114","Stocks","02196","Bees","2012","2012","No","690037","A","Official figure",""
"QCL","Crops and livestock products","124","Canada","5114","Stocks","02196","Bees","2013","2013","No","667397","A","Official figure",""
"QCL","Crops and livestock products","124","Canada","5114","Stocks","02196","Bees","2014","2014","No","696252","A","Official figure",""
"QCL","Crops and livestock products","124","Canada","5114","Stocks","02196","Bees","2015","2015","No","701434","I","Imputed value",""
"QCL","Crops and livestock products","124","Canada","5114","Stocks","02196","Bees","2016","2016","No","704495","I","Imputed value",""
"QCL","Crops and livestock products","124","Canada","5114","Stocks","02196","Bees","2017","2017","No","709178","I","Imputed value",""
"QCL","Crops and livestock products","124","Canada","5114","Stocks","02196","Bees","2018","2018","No","713634","I","Imputed value",""
"QCL","Crops and livestock products","124","Canada","5114","Stocks","02196","Bees","2019","2019","No","724492","I","Imputed value",""
"QCL","Crops and livestock products","124","Canada","5114","Stocks","02196","Bees","2020","2020","No","731451","I","Imputed value",""
"QCL","Crops and livestock products","124","Canada","5114","Stocks","02196","Bees","2021","2021","No","738651","I","Imputed value",""
"QCL","Crops and livestock products","124","Canada","5114","Stocks","02196","Bees","2022","2022","No","730816","E","Estimated value",""
"QCL","Crops and livestock products","159","China","5114","Stocks","02196","Bees","1961","1961","No","3356000","E","Estimated value",""
"QCL","Crops and livestock products","159","China","5114","Stocks","02196","Bees","1962","1962","No","3460000","E","Estimated value",""
"QCL","Crops and livestock products","159","China","5114","Stocks","02196","Bees","1963","1963","No","3519000","E","Estimated value",""
"QCL","Crops and livestock products","159","China","5114","Stocks","02196","Bees","1964","1964","No","3658000","E","Estimated value",""
"QCL","Crops and livestock products","159","China","5114","Stocks","02196","Bees","1965","1965","No","3757000","E","Estimated value",""
"QCL","Crops and livestock products","159","China","5114","Stocks","02196","Bees","1966","1966","No","3849000","E","Estimated value",""
"QCL","Crops and livestock products","159","China","5114","Stocks","02196","Bees","1967","1967","No","3850000","E","Estimated value",""
"QCL","Crops and livestock products","159","China","5114","Stocks","02196","Bees","1968","1968","No","3957000","E","Estimated value",""
"QCL","Crops and livestock products","159","China","5114","Stocks","02196","Bees","1969","1969","No","4160000","E","Estimated value",""
"QCL","Crops and livestock products","159","China","5114","Stocks","02196","Bees","1970","1970","No","4165000","E","Estimated value",""
"QCL","Crops and livestock products","159","China","5114","Stocks","02196","Bees","1971","1971","No","4370000","E","Estimated value",""
"QCL","Crops and livestock products","159","China","5114","Stocks","02196","Bees","1972","1972","No","4375000","E","Estimated value",""
"QCL","Crops and livestock products","159","China","5114","Stocks","02196","Bees","1973","1973","No","4180000","E","Estimated value",""
"QCL","Crops and livestock products","159","China","5114","Stocks","02196","Bees","1974","1974","No","4185000","E","Estimated value",""
"QCL","Crops and livestock products","159","China","5114","Stocks","02196","Bees","1975","1975","No","4190000","E","Estimated value",""
"QCL","Crops and livestock products","159","China","5114","Stocks","02196","Bees","1976","1976","No","4195000","E","Estimated value",""
"QCL","Crops and livestock products","159","China","5114","Stocks","02196","Bees","1977","1977","No","4300000","E","Estimated value",""
"QCL","Crops and livestock products","159","China","5114","Stocks","02196","Bees","1978","1978","No","4356919","E","Estimated value",""
"QCL","Crops and livestock products","159","China","5114","Stocks","02196","Bees","1979","1979","No","4429315","A","Official figure",""
"QCL","Crops and livestock products","159","China","5114","Stocks","02196","Bees","1980","1980","No","5552809","A","Official figure",""
"QCL","Crops and livestock products","159","China","5114","Stocks","02196","Bees","1981","1981","No","6155564","A","Official figure",""
"QCL","Crops and livestock products","159","China","5114","Stocks","02196","Bees","1982","1982","No","6347365","E","Estimated value",""
"QCL","Crops and livestock products","159","China","5114","Stocks","02196","Bees","1983","1983","No","6560359","E","Estimated value",""
"QCL","Crops and livestock products","159","China","5114","Stocks","02196","Bees","1984","1984","No","6734471","E","Estimated value",""
"QCL","Crops and livestock products","159","China","5114","Stocks","02196","Bees","1985","1985","No","7016049","A","Official figure",""
"QCL","Crops and livestock products","159","China","5114","Stocks","02196","Bees","1986","1986","No","6909040","A","Official figure",""
"QCL","Crops and livestock products","159","China","5114","Stocks","02196","Bees","1987","1987","No","6881040","A","Official figure",""
"QCL","Crops and livestock products","159","China","5114","Stocks","02196","Bees","1988","1988","No","7815910","A","Official figure",""
"QCL","Crops and livestock products","159","China","5114","Stocks","02196","Bees","1989","1989","No","7808208","A","Official figure",""
"QCL","Crops and livestock products","159","China","5114","Stocks","02196","Bees","1990","1990","No","7483472","A","Official figure",""
"QCL","Crops and livestock products","159","China","5114","Stocks","02196","Bees","1991","1991","No","7786087","A","Official figure",""
"QCL","Crops and livestock products","159","China","5114","Stocks","02196","Bees","1992","1992","No","7700420","A","Official figure",""
"QCL","Crops and livestock products","159","China","5114","Stocks","02196","Bees","1993","1993","No","7176170","A","Official figure",""
"QCL","Crops and livestock products","159","China","5114","Stocks","02196","Bees","1994","1994","No","6583250","E","Estimated value",""
"QCL","Crops and livestock products","159","China","5114","Stocks","02196","Bees","1995","1995","No","6431375","E","Estimated value",""
"QCL","Crops and livestock products","159","China","5114","Stocks","02196","Bees","1996","1996","No","6390434","E","Estimated value",""
"QCL","Crops and livestock products","159","China","5114","Stocks","02196","Bees","1997","1997","No","6924345","E","Estimated value",""
"QCL","Crops and livestock products","159","China","5114","Stocks","02196","Bees","1998","1998","No","7108550","E","Estimated value",""
"QCL","Crops and livestock products","159","China","5114","Stocks","02196","Bees","1999","1999","No","7202550","E","Estimated value",""
"QCL","Crops and livestock products","159","China","5114","Stocks","02196","Bees","2000","2000","No","7494970","E","Estimated value",""
"QCL","Crops and livestock products","159","China","5114","Stocks","02196","Bees","2001","2001","No","7598410","E","Estimated value",""
"QCL","Crops and livestock products","159","China","5114","Stocks","02196","Bees","2002","2002","No","7699630","E","Estimated value",""
"QCL","Crops and livestock products","159","China","5114","Stocks","02196","Bees","2003","2003","No","7900720","E","Estimated value",""
"QCL","Crops and livestock products","159","China","5114","Stocks","02196","Bees","2004","2004","No","8101530","E","Estimated value",""
"QCL","Crops and livestock products","159","China","5114","Stocks","02196","Bees","2005","2005","No","8338930","E","Estimated value",""
"QCL","Crops and livestock products","159","China","5114","Stocks","02196","Bees","2006","2006","No","8480750","E","Estimated value",""
"QCL","Crops and livestock products","159","China","5114","Stocks","02196","Bees","2007","2007","No","8573050","E","Estimated value",""
"QCL","Crops and livestock products","159","China","5114","Stocks","02196","Bees","2008","2008","No","8771200","E","Estimated value",""
"QCL","Crops and livestock products","159","China","5114","Stocks","02196","Bees","2009","2009","No","8827150","E","Estimated value",""
"QCL","Crops and livestock products","159","China","5114","Stocks","02196","Bees","2010","2010","No","8897730","E","Estimated value",""
"QCL","Crops and livestock products","159","China","5114","Stocks","02196","Bees","2011","2011","No","8953870","E","Estimated value",""
"QCL","Crops and livestock products","159","China","5114","Stocks","02196","Bees","2012","2012","No","8987204","E","Estimated value",""
"QCL","Crops and livestock products","159","China","5114","Stocks","02196","Bees","2013","2013","No","9020000","E","Estimated value",""
"QCL","Crops and livestock products","159","China","5114","Stocks","02196","Bees","2014","2014","No","9075000","E","Estimated value",""
"QCL","Crops and livestock products","159","China","5114","Stocks","02196","Bees","2015","2015","No","9129857","E","Estimated value",""
"QCL","Crops and livestock products","159","China","5114","Stocks","02196","Bees","2016","2016","No","9184254","E","Estimated value",""
"QCL","Crops and livestock products","159","China","5114","Stocks","02196","Bees","2017","2017","No","9238330","E","Estimated value",""
"QCL","Crops and livestock products","159","China","5114","Stocks","02196","Bees","2018","2018","No","9291246","E","Estimated value",""
"QCL","Crops and livestock products","159","China","5114","Stocks","02196","Bees","2019","2019","No","9348707","E","Estimated value",""
"QCL","Crops and livestock products","159","China","5114","Stocks","02196","Bees","2020","2020","No","9360311","E","Estimated value",""
"QCL","Crops and livestock products","159","China","5114","Stocks","02196","Bees","2021","2021","No","9391575","E","Estimated value",""
"QCL","Crops and livestock products","159","China","5114","Stocks","02196","Bees","2022","2022","No","9416856","E","Estimated value",""
"QCL","Crops and livestock products","356","India","5114","Stocks","02196","Bees","1961","1961","No","5000000","E","Estimated value",""
"QCL","Crops and livestock products","356","India","5114","Stocks","02196","Bees","1962","1962","No","5000000","E","Estimated value",""
"QCL","Crops and livestock products","356","India","5114","Stocks","02196","Bees","1963","1963","No","5000000","E","Estimated value",""
"QCL","Crops and livestock products","356","India","5114","Stocks","02196","Bees","1964","1964","No","5000000","E","Estimated value",""
"QCL","Crops and livestock products","356","India","5114","Stocks","02196","Bees","1965","1965","No","6300000","E","Estimated value",""
"QCL","Crops and livestock products","356","India","5114","Stocks","02196","Bees","1966","1966","No","7500000","E","Estimated value",""
"QCL","Crops and livestock products","356","India","5114","Stocks","02196","Bees","1967","1967","No","7500000","E","Estimated value",""
"QCL","Crops and livestock products","356","India","5114","Stocks","02196","Bees","1968","1968","No","7500000","E","Estimated value",""
"QCL","Crops and livestock products","356","India","5114","Stocks","02196","Bees","1969","1969","No","7500000","E","Estimated value",""
"QCL","Crops and livestock products","356","India","5114","Stocks","02196","Bees","1970","1970","No","8000000","E","Estimated value",""
"QCL","Crops and livestock products","356","India","5114","Stocks","02196","Bees","1971","1971","No","8000000","E","Estimated value",""
"QCL","Crops and livestock products","356","India","5114","Stocks","02196","Bees","1972","1972","No","8000000","E","Estimated value",""
"QCL","Crops and livestock products","356","India","5114","Stocks","02196","Bees","1973","1973","No","8300000","E","Estimated value",""
"QCL","Crops and livestock products","356","India","5114","Stocks","02196","Bees","1974","1974","No","8300000","E","Estimated value",""
"QCL","Crops and livestock products","356","India","5114","Stocks","02196","Bees","1975","1975","No","8400000","E","Estimated value",""
"QCL","Crops and livestock products","356","India","5114","Stocks","02196","Bees","1976","1976","No","8300000","E","Estimated value",""
"QCL","Crops and livestock products","356","India","5114","Stocks","02196","Bees","1977","1977","No","8300000","E","Estimated value",""
"QCL","Crops and livestock products","356","India","5114","Stocks","02196","Bees","1978","1978","No","8300000","E","Estimated value",""
"QCL","Crops and livestock products","356","India","5114","Stocks","02196","Bees","1979","1979","No","8500000","E","Estimated value",""
"QCL","Crops and livestock products","356","India","5114","Stocks","02196","Bees","1980","1980","No","9000000","E","Estimated value",""
"QCL","Crops and livestock products","356","India","5114","Stocks","02196","Bees","1981","1981","No","9000000","E","Estimated value",""
"QCL","Crops and livestock products","356","India","5114","Stocks","02196","Bees","1982","1982","No","9400000","E","Estimated value",""
"QCL","Crops and livestock products","356","India","5114","Stocks","02196","Bees","1983","1983","No","9500000","E","Estimated value",""
"QCL","Crops and livestock products","356","India","5114","Stocks","02196","Bees","1984","1984","No","9600000","E","Estimated value",""
"QCL","Crops and livestock products","356","India","5114","Stocks","02196","Bees","1985","1985","No","9500000","E","Estimated value",""
"QCL","Crops and livestock products","356","India","5114","Stocks","02196","Bees","1986","1986","No","9500000","E","Estimated value",""
"QCL","Crops and livestock products","356","India","5114","Stocks","02196","Bees","1987","1987","No","9400000","E","Estimated value",""
"QCL","Crops and livestock products","356","India","5114","Stocks","02196","Bees","1988","1988","No","9700000","E","Estimated value",""
"QCL","Crops and livestock products","356","India","5114","Stocks","02196","Bees","1989","1989","No","9500000","E","Estimated value",""
"QCL","Crops and livestock products","356","India","5114","Stocks","02196","Bees","1990","1990","No","9600000","E","Estimated value",""
"QCL","Crops and livestock products","356","India","5114","Stocks","02196","Bees","1991","1991","No","9600000","E","Estimated value",""
"QCL","Crops and livestock products","356","India","5114","Stocks","02196","Bees","1992","1992","No","9700000","E","Estimated value",""
"QCL","Crops and livestock products","356","India","5114","Stocks","02196","Bees","1993","1993","No","9700000","E","Estimated value",""
"QCL","Crops and livestock products","356","India","5114","Stocks","02196","Bees","1994","1994","No","9700000","E","Estimated value",""
"QCL","Crops and livestock products","356","India","5114","Stocks","02196","Bees","1995","1995","No","9700000","E","Estimated value",""
"QCL","Crops and livestock products","356","India","5114","Stocks","02196","Bees","1996","1996","No","9800000","E","Estimated value",""
"QCL","Crops and livestock products","356","India","5114","Stocks","02196","Bees","1997","1997","No","9700000","E","Estimated value",""
"QCL","Crops and livestock products","356","India","5114","Stocks","02196","Bees","1998","1998","No","9700000","E","Estimated value",""
"QCL","Crops and livestock products","356","India","5114","Stocks","02196","Bees","1999","1999","No","9700000","E","Estimated value",""
"QCL","Crops and livestock products","356","India","5114","Stocks","02196","Bees","2000","2000","No","9800000","E","Estimated value",""
"QCL","Crops and livestock products","356","India","5114","Stocks","02196","Bees","2001","2001","No","9800000","E","Estimated value",""
"QCL","Crops and livestock products","356","India","5114","Stocks","02196","Bees","2002","2002","No","9800000","E","Estimated value",""
"QCL","Crops and livestock products","356","India","5114","Stocks","02196","Bees","2003","2003","No","9800000","E","Estimated value",""
"QCL","Crops and livestock products","356","India","5114","Stocks","02196","Bees","2004","2004","No","9800000","E","Estimated value",""
"QCL","Crops and livestock products","356","India","5114","Stocks","02196","Bees","2005","2005","No","9800000","E","Estimated value",""
"QCL","Crops and livestock products","356","India","5114","Stocks","02196","Bees","2006","2006","No","9800000","E","Estimated value",""
"QCL","Crops and livestock products","356","India","5114","Stocks","02196","Bees","2007","2007","No","9800000","E","Estimated value",""
"QCL","Crops and livestock products","356","India","5114","Stocks","02196","Bees","2008","2008","No","10600000","E","Estimated value",""
"QCL","Crops and livestock products","356","India","5114","Stocks","02196","Bees","2009","2009","No","10600000","E","Estimated value",""
"QCL","Crops and livestock products","356","India","5114","Stocks","02196","Bees","2010","2010","No","11500000","E","Estimated value",""
"QCL","Crops and livestock products","356","India","5114","Stocks","02196","Bees","2011","2011","No","11500000","E","Estimated value",""
"QCL","Crops and livestock products","356","India","5114","Stocks","02196","Bees","2012","2012","No","11550000","E","Estimated value",""
"QCL","Crops and livestock products","356","India","5114","Stocks","02196","Bees","2013","2013","No","11600000","E","Estimated value",""
"QCL","Crops and livestock products","356","India","5114","Stocks","02196","Bees","2014","2014","No","11800000","E","Estimated value",""
"QCL","Crops and livestock products","356","India","5114","Stocks","02196","Bees","2015","2015","No","11928704","I","Imputed value",""
"QCL","Crops and livestock products","356","India","5114","Stocks","02196","Bees","2016","2016","No","12054576","I","Imputed value",""
"QCL","Crops and livestock products","356","India","5114","Stocks","02196","Bees","2017","2017","No","12166387","I","Imputed value",""
"QCL","Crops and livestock products","356","India","5114","Stocks","02196","Bees","2018","2018","No","12206580","I","Imputed value",""
"QCL","Crops and livestock products","356","India","5114","Stocks","02196","Bees","2019","2019","No","12297074","I","Imputed value",""
"QCL","Crops and livestock products","356","India","5114","Stocks","02196","Bees","2020","2020","No","12411077","I","Imputed value",""
"QCL","Crops and livestock products","356","India","5114","Stocks","02196","Bees","2021","2021","No","12512918","I","Imputed value",""
"QCL","Crops and livestock products","356","India","5114","Stocks","02196","Bees","2022","2022","No","12614760","I","Imputed value",""
"QCL","Crops and livestock products","484","Mexico","5114","Stocks","02196","Bees","1961","1961","No","1985000","A","Official figure",""
"QCL","Crops and livestock products","484","Mexico","5114","Stocks","02196","Bees","1962","1962","No","2000000","A","Official figure",""
"QCL","Crops and livestock products","484","Mexico","5114","Stocks","02196","Bees","1963","1963","No","1300000","E","Estimated value",""
"QCL","Crops and livestock products","484","Mexico","5114","Stocks","02196","Bees","1964","1964","No","1100000","E","Estimated value",""
"QCL","Crops and livestock products","484","Mexico","5114","Stocks","02196","Bees","1965","1965","No","920934","A","Official figure",""
"QCL","Crops and livestock products","484","Mexico","5114","Stocks","02196","Bees","1966","1966","No","966980","A","Official figure",""
"QCL","Crops and livestock products","484","Mexico","5114","Stocks","02196","Bees","1967","1967","No","1015329","A","Official figure",""
"QCL","Crops and livestock products","484","Mexico","5114","Stocks","02196","Bees","1968","1968","No","1185581","A","Official figure",""
"QCL","Crops and livestock products","484","Mexico","5114","Stocks","02196","Bees","1969","1969","No","1580060","A","Official figure",""
"QCL","Crops and livestock products","484","Mexico","5114","Stocks","02196","Bees","1970","1970","No","1665700","A","Official figure",""
"QCL","Crops and livestock products","484","Mexico","5114","Stocks","02196","Bees","1971","1971","No","1618000","A","Official figure",""
"QCL","Crops and livestock products","484","Mexico","5114","Stocks","02196","Bees","1972","1972","No","1821000","A","Official figure",""
"QCL","Crops and livestock products","484","Mexico","5114","Stocks","02196","Bees","1973","1973","No","1876000","A","Official figure",""
"QCL","Crops and livestock products","484","Mexico","5114","Stocks","02196","Bees","1974","1974","No","1996000","A","Official figure",""
"QCL","Crops and livestock products","484","Mexico","5114","Stocks","02196","Bees","1975","1975","No","2037000","A","Official figure",""
"QCL","Crops and livestock products","484","Mexico","5114","Stocks","02196","Bees","1976","1976","No","2059012","A","Official figure",""
"QCL","Crops and livestock products","484","Mexico","5114","Stocks","02196","Bees","1977","1977","No","2080060","A","Official figure",""
"QCL","Crops and livestock products","484","Mexico","5114","Stocks","02196","Bees","1978","1978","No","2142300","A","Official figure",""
"QCL","Crops and livestock products","484","Mexico","5114","Stocks","02196","Bees","1979","1979","No","2254800","A","Official figure",""
"QCL","Crops and livestock products","484","Mexico","5114","Stocks","02196","Bees","1980","1980","No","2380600","A","Official figure",""
"QCL","Crops and livestock products","484","Mexico","5114","Stocks","02196","Bees","1981","1981","No","2532200","A","Official figure",""
"QCL","Crops and livestock products","484","Mexico","5114","Stocks","02196","Bees","1982","1982","No","2532200","A","Official figure",""
"QCL","Crops and livestock products","484","Mexico","5114","Stocks","02196","Bees","1983","1983","No","2690500","A","Official figure",""
"QCL","Crops and livestock products","484","Mexico","5114","Stocks","02196","Bees","1984","1984","No","2493400","A","Official figure",""
"QCL","Crops and livestock products","484","Mexico","5114","Stocks","02196","Bees","1985","1985","No","2384500","A","Official figure",""
"QCL","Crops and livestock products","484","Mexico","5114","Stocks","02196","Bees","1986","1986","No","2422729","A","Official figure",""
"QCL","Crops and livestock products","484","Mexico","5114","Stocks","02196","Bees","1987","1987","No","2119400","A","Official figure",""
"QCL","Crops and livestock products","484","Mexico","5114","Stocks","02196","Bees","1988","1988","No","2209339","A","Official figure",""
"QCL","Crops and livestock products","484","Mexico","5114","Stocks","02196","Bees","1989","1989","No","2330948","A","Official figure",""
"QCL","Crops and livestock products","484","Mexico","5114","Stocks","02196","Bees","1990","1990","No","2114489","A","Official figure",""
"QCL","Crops and livestock products","484","Mexico","5114","Stocks","02196","Bees","1991","1991","No","2088315","A","Official figure",""
"QCL","Crops and livestock products","484","Mexico","5114","Stocks","02196","Bees","1992","1992","No","2107618","A","Official figure",""
"QCL","Crops and livestock products","484","Mexico","5114","Stocks","02196","Bees","1993","1993","No","2293733","A","Official figure",""
"QCL","Crops and livestock products","484","Mexico","5114","Stocks","02196","Bees","1994","1994","No","2292428","A","Official figure",""
"QCL","Crops and livestock products","484","Mexico","5114","Stocks","02196","Bees","1995","1995","No","2053761","A","Official figure",""
"QCL","Crops and livestock products","484","Mexico","5114","Stocks","02196","Bees","1996","1996","No","1919938","A","Official figure",""
"QCL","Crops and livestock products","484","Mexico","5114","Stocks","02196","Bees","1997","1997","No","1715948","A","Official figure",""
"QCL","Crops and livestock products","484","Mexico","5114","Stocks","02196","Bees","1998","1998","No","1791111","A","Official figure",""
"QCL","Crops and livestock products","484","Mexico","5114","Stocks","02196","Bees","1999","1999","No","1944573","A","Official figure",""
"QCL","Crops and livestock products","484","Mexico","5114","Stocks","02196","Bees","2000","2000","No","1875731","A","Official figure",""
"QCL","Crops and livestock products","484","Mexico","5114","Stocks","02196","Bees","2001","2001","No","1862372","A","Official figure",""
"QCL","Crops and livestock products","484","Mexico","5114","Stocks","02196","Bees","2002","2002","No","1783854","A","Official figure",""
"QCL","Crops and livestock products","484","Mexico","5114","Stocks","02196","Bees","2003","2003","No","1727234","A","Official figure",""
"QCL","Crops and livestock products","484","Mexico","5114","Stocks","02196","Bees","2004","2004","No","1745078","A","Official figure",""
"QCL","Crops and livestock products","484","Mexico","5114","Stocks","02196","Bees","2005","2005","No","1732112","A","Official figure",""
"QCL","Crops and livestock products","484","Mexico","5114","Stocks","02196","Bees","2006","2006","No","1747033","A","Official figure",""
"QCL","Crops and livestock products","484","Mexico","5114","Stocks","02196","Bees","2007","2007","No","1741040","A","Official figure",""
"QCL","Crops and livestock products","484","Mexico","5114","Stocks","02196","Bees","2008","2008","No","1797478","A","Official figure",""
"QCL","Crops and livestock products","484","Mexico","5114","Stocks","02196","Bees","2009","2009","No","1774757","A","Official figure",""
"QCL","Crops and livestock products","484","Mexico","5114","Stocks","02196","Bees","2010","2010","No","1842130","A","Official figure",""
"QCL","Crops and livestock products","484","Mexico","5114","Stocks","02196","Bees","2011","2011","No","1847667","A","Official figure",""
"QCL","Crops and livestock products","484","Mexico","5114","Stocks","02196","Bees","2012","2012","No","1898239","A","Official figure",""
"QCL","Crops and livestock products","484","Mexico","5114","Stocks","02196","Bees","2013","2013","No","1933105","A","Official figure",""
"QCL","Crops and livestock products","484","Mexico","5114","Stocks","02196","Bees","2014","2014","No","1981162","A","Official figure",""
"QCL","Crops and livestock products","484","Mexico","5114","Stocks","02196","Bees","2015","2015","No","2017931","A","Official figure",""
"QCL","Crops and livestock products","484","Mexico","5114","Stocks","02196","Bees","2016","2016","No","1859350","A","Official figure",""
"QCL","Crops and livestock products","484","Mexico","5114","Stocks","02196","Bees","2017","2017","No","1853807","A","Official figure",""
"QCL","Crops and livestock products","484","Mexico","5114","Stocks","02196","Bees","2018","2018","No","2172107","A","Official figure",""
"QCL","Crops and livestock products","484","Mexico","5114","Stocks","02196","Bees","2019","2019","No","2157866","A","Official figure",""
"QCL","Crops and livestock products","484","Mexico","5114","Stocks","02196","Bees","2020","2020","No","2148420","A","Official figure",""
"QCL","Crops and livestock products","484","Mexico","5114","Stocks","02196","Bees","2021","2021","No","2226049","A","Official figure",""
"QCL","Crops and livestock products","484","Mexico","5114","Stocks","02196","Bees","2022","2022","No","2319393","A","Official figure",""
"QCL","Crops and livestock products","804","Ukraine","5114","Stocks","02196","Bees","1992","1992","No","3526","A","Official figure",""
"QCL","Crops and livestock products","804","Ukraine","5114","Stocks","02196","Bees","1993","1993","No","3965","A","Official figure",""
"QCL","Crops and livestock products","804","Ukraine","5114","Stocks","02196","Bees","1994","1994","No","4220","A","Official figure",""
"QCL","Crops and livestock products","804","Ukraine","5114","Stocks","02196","Bees","1995","1995","No","3965","A","Official figure",""
"QCL","Crops and livestock products","804","Ukraine","5114","Stocks","02196","Bees","1996","1996","No","3433","A","Official figure",""
"QCL","Crops and livestock products","804","Ukraine","5114","Stocks","02196","Bees","1997","1997","No","3125","A","Official figure",""
"QCL","Crops and livestock products","804","Ukraine","5114","Stocks","02196","Bees","1998","1998","No","3002","A","Official figure",""
"QCL","Crops and livestock products","804","Ukraine","5114","Stocks","02196","Bees","1999","1999","No","2974","A","Official figure",""
"QCL","Crops and livestock products","804","Ukraine","5114","Stocks","02196","Bees","2000","2000","No","2857","A","Official figure",""
"QCL","Crops and livestock products","804","Ukraine","5114","Stocks","02196","Bees","2001","2001","No","2849","A","Official figure",""
"QCL","Crops and livestock products","804","Ukraine","5114","Stocks","02196","Bees","2002","2002","No","2908","A","Official figure",""
"QCL","Crops and livestock products","804","Ukraine","5114","Stocks","02196","Bees","2003","2003","No","2811","A","Official figure",""
"QCL","Crops and livestock products","804","Ukraine","5114","Stocks","02196","Bees","2004","2004","No","2758","A","Official figure",""
"QCL","Crops and livestock products","804","Ukraine","5114","Stocks","02196","Bees","2005","2005","No","2980","A","Official figure",""
"QCL","Crops and livestock products","804","Ukraine","5114","Stocks","02196","Bees","2006","2006","No","3369","A","Official figure",""
"QCL","Crops and livestock products","804","Ukraine","5114","Stocks","02196","Bees","2007","2007","No","3456","A","Official figure",""
"QCL","Crops and livestock products","804","Ukraine","5114","Stocks","02196","Bees","2008","2008","No","3422","A","Official figure",""
"QCL","Crops and livestock products","804","Ukraine","5114","Stocks","02196","Bees","2009","2009","No","3250","A","Official figure",""
"QCL","Crops and livestock products","804","Ukraine","5114","Stocks","02196","Bees","2010","2010","No","3150","A","Official figure",""
"QCL","Crops and livestock products","804","Ukraine","5114","Stocks","02196","Bees","2011","2011","No","2922","A","Official figure",""
"QCL","Crops and livestock products","804","Ukraine","5114","Stocks","02196","Bees","2012","2012","No","2891","A","Official figure",""
"QCL","Crops and livestock products","804","Ukraine","5114","Stocks","02196","Bees","2013","2013","No","2936","A","Official figure",""
"QCL","Crops and livestock products","804","Ukraine","5114","Stocks","02196","Bees","2014","2014","No","2873","A","Official figure",""
"QCL","Crops and livestock products","804","Ukraine","5114","Stocks","02196","Bees","2015","2015","No","2700","A","Official figure",""
"QCL","Crops and livestock products","804","Ukraine","5114","Stocks","02196","Bees","2016","2016","No","2600","A","Official figure",""
"QCL","Crops and livestock products","804","Ukraine","5114","Stocks","02196","Bees","2017","2017","No","2487","A","Official figure",""
"QCL","Crops and livestock products","804","Ukraine","5114","Stocks","02196","Bees","2018","2018","No","2642","A","Official figure",""
"QCL","Crops and livestock products","804","Ukraine","5114","Stocks","02196","Bees","2019","2019","No","2601","A","Official figure",""
"QCL","Crops and livestock products","804","Ukraine","5114","Stocks","02196","Bees","2020","2020","No","2633","A","Official figure",""
"QCL","Crops and livestock products","804","Ukraine","5114","Stocks","02196","Bees","2021","2021","No","2594","A","Official figure",""
"QCL","Crops and livestock products","804","Ukraine","5114","Stocks","02196","Bees","2022","2022","No","2686","A","Official figure",""
"QCL","Crops and livestock products","704","Viet Nam","5114","Stocks","02196","Bees","1961","1961","No","15000","E","Estimated value",""
"QCL","Crops and livestock products","704","Viet Nam","5114","Stocks","02196","Bees","1962","1962","No","20000","E","Estimated value",""
"QCL","Crops and livestock products","704","Viet Nam","5114","Stocks","02196","Bees","1963","1963","No","25000","E","Estimated value",""
"QCL","Crops and livestock products","704","Viet Nam","5114","Stocks","02196","Bees","1964","1964","No","30000","E","Estimated value",""
"QCL","Crops and livestock products","704","Viet Nam","5114","Stocks","02196","Bees","1965","1965","No","36000","E","Estimated value",""
"QCL","Crops and livestock products","704","Viet Nam","5114","Stocks","02196","Bees","1966","1966","No","39000","E","Estimated value",""
"QCL","Crops and livestock products","704","Viet Nam","5114","Stocks","02196","Bees","1967","1967","No","43000","E","Estimated value",""
"QCL","Crops and livestock products","704","Viet Nam","5114","Stocks","02196","Bees","1968","1968","No","48000","E","Estimated value",""
"QCL","Crops and livestock products","704","Viet Nam","5114","Stocks","02196","Bees","1969","1969","No","52000","E","Estimated value",""
"QCL","Crops and livestock products","704","Viet Nam","5114","Stocks","02196","Bees","1970","1970","No","56000","E","Estimated value",""
"QCL","Crops and livestock products","704","Viet Nam","5114","Stocks","02196","Bees","1971","1971","No","63000","E","Estimated value",""
"QCL","Crops and livestock products","704","Viet Nam","5114","Stocks","02196","Bees","1972","1972","No","70000","E","Estimated value",""
"QCL","Crops and livestock products","704","Viet Nam","5114","Stocks","02196","Bees","1973","1973","No","75000","E","Estimated value",""
"QCL","Crops and livestock products","704","Viet Nam","5114","Stocks","02196","Bees","1974","1974","No","80000","E","Estimated value",""
"QCL","Crops and livestock products","704","Viet Nam","5114","Stocks","02196","Bees","1975","1975","No","27000","E","Estimated value",""
"QCL","Crops and livestock products","704","Viet Nam","5114","Stocks","02196","Bees","1976","1976","No","35000","E","Estimated value",""
"QCL","Crops and livestock products","704","Viet Nam","5114","Stocks","02196","Bees","1977","1977","No","40000","E","Estimated value",""
"QCL","Crops and livestock products","704","Viet Nam","5114","Stocks","02196","Bees","1978","1978","No","46000","E","Estimated value",""
"QCL","Crops and livestock products","704","Viet Nam","5114","Stocks","02196","Bees","1979","1979","No","56000","E","Estimated value",""
"QCL","Crops and livestock products","704","Viet Nam","5114","Stocks","02196","Bees","1980","1980","No","65000","E","Estimated value",""
"QCL","Crops and livestock products","704","Viet Nam","5114","Stocks","02196","Bees","1981","1981","No","70000","E","Estimated value",""
"QCL","Crops and livestock products","704","Viet Nam","5114","Stocks","02196","Bees","1982","1982","No","76000","A","Official figure",""
"QCL","Crops and livestock products","704","Viet Nam","5114","Stocks","02196","Bees","1983","1983","No","77000","E","Estimated value",""
"QCL","Crops and livestock products","704","Viet Nam","5114","Stocks","02196","Bees","1984","1984","No","78000","E","Estimated value",""
"QCL","Crops and livestock products","704","Viet Nam","5114","Stocks","02196","Bees","1985","1985","No","82000","E","Estimated value",""
"QCL","Crops and livestock products","704","Viet Nam","5114","Stocks","02196","Bees","1986","1986","No","85000","E","Estimated value",""
"QCL","Crops and livestock products","704","Viet Nam","5114","Stocks","02196","Bees","1987","1987","No","87000","E","Estimated value",""
"QCL","Crops and livestock products","704","Viet Nam","5114","Stocks","02196","Bees","1988","1988","No","90000","E","Estimated value",""
"QCL","Crops and livestock products","704","Viet Nam","5114","Stocks","02196","Bees","1989","1989","No","90000","E","Estimated value",""
"QCL","Crops and livestock products","704","Viet Nam","5114","Stocks","02196","Bees","1990","1990","No","92000","E","Estimated value",""
"QCL","Crops and livestock products","704","Viet Nam","5114","Stocks","02196","Bees","1991","1991","No","94000","E","Estimated value",""
"QCL","Crops and livestock products","704","Viet Nam","5114","Stocks","02196","Bees","1992","1992","No","95000","E","Estimated value",""
"QCL","Crops and livestock products","704","Viet Nam","5114","Stocks","02196","Bees","1993","1993","No","110000","E","Estimated value",""
"QCL","Crops and livestock products","704","Viet Nam","5114","Stocks","02196","Bees","1994","1994","No","120000","E","Estimated value",""
"QCL","Crops and livestock products","704","Viet Nam","5114","Stocks","02196","Bees","1995","1995","No","130000","E","Estimated value",""
"QCL","Crops and livestock products","704","Viet Nam","5114","Stocks","02196","Bees","1996","1996","No","140000","E","Estimated value",""
"QCL","Crops and livestock products","704","Viet Nam","5114","Stocks","02196","Bees","1997","1997","No","150000","E","Estimated value",""
"QCL","Crops and livestock products","704","Viet Nam","5114","Stocks","02196","Bees","1998","1998","No","160000","E","Estimated value",""
"QCL","Crops and livestock products","704","Viet Nam","5114","Stocks","02196","Bees","1999","1999","No","170000","E","Estimated value",""
"QCL","Crops and livestock products","704","Viet Nam","5114","Stocks","02196","Bees","2000","2000","No","170000","E","Estimated value",""
"QCL","Crops and livestock products","704","Viet Nam","5114","Stocks","02196","Bees","2001","2001","No","175000","E","Estimated value",""
"QCL","Crops and livestock products","704","Viet Nam","5114","Stocks","02196","Bees","2002","2002","No","175000","E","Estimated value",""
"QCL","Crops and livestock products","704","Viet Nam","5114","Stocks","02196","Bees","2003","2003","No","178000","E","Estimated value",""
"QCL","Crops and livestock products","704","Viet Nam","5114","Stocks","02196","Bees","2004","2004","No","151000","E","Estimated value",""
"QCL","Crops and livestock products","704","Viet Nam","5114","Stocks","02196","Bees","2005","2005","No","191000","E","Estimated value",""
"QCL","Crops and livestock products","704","Viet Nam","5114","Stocks","02196","Bees","2006","2006","No","236000","E","Estimated value",""
"QCL","Crops and livestock products","704","Viet Nam","5114","Stocks","02196","Bees","2007","2007","No","221000","E","Estimated value",""
"QCL","Crops and livestock products","704","Viet Nam","5114","Stocks","02196","Bees","2008","2008","No","250000","E","Estimated value",""
"QCL","Crops and livestock products","704","Viet Nam","5114","Stocks","02196","Bees","2009","2009","No","250000","E","Estimated value",""
"QCL","Crops and livestock products","704","Viet Nam","5114","Stocks","02196","Bees","2010","2010","No","250000","E","Estimated value",""
"QCL","Crops and livestock products","704","Viet Nam","5114","Stocks","02196","Bees","2011","2011","No","250000","E","Estimated value",""
"QCL","Crops and livestock products","704","Viet Nam","5114","Stocks","02196","Bees","2012","2012","No","250000","E","Estimated value",""
"QCL","Crops and livestock products","704","Viet Nam","5114","Stocks","02196","Bees","2013","2013","No","250000","E","Estimated value",""
"QCL","Crops and livestock products","704","Viet Nam","5114","Stocks","02196","Bees","2014","2014","No","250000","E","Estimated value",""
"QCL","Crops and livestock products","704","Viet Nam","5114","Stocks","02196","Bees","2015","2015","No","256270","I","Imputed value",""
"QCL","Crops and livestock products","704","Viet Nam","5114","Stocks","02196","Bees","2016","2016","No","252090","E","Estimated value",""
"QCL","Crops and livestock products","704","Viet Nam","5114","Stocks","02196","Bees","2017","2017","No","256713","I","Imputed value",""
"QCL","Crops and livestock products","704","Viet Nam","5114","Stocks","02196","Bees","2018","2018","No","264235","I","Imputed value",""
"QCL","Crops and livestock products","704","Viet Nam","5114","Stocks","02196","Bees","2019","2019","No","260537","E","Estimated value",""
"QCL","Crops and livestock products","704","Viet Nam","5114","Stocks","02196","Bees","2020","2020","No","263904","E","Estimated value",""
"QCL","Crops and livestock products","704","Viet Nam","5114","Stocks","02196","Bees","2021","2021","No","268647","E","Estimated value",""
"QCL","Crops and livestock products","704","Viet Nam","5114","Stocks","02196","Bees","2022","2022","No","273005","E","Estimated value",""
